"CODE DECLARANT";"CODE DIFFUSEUR";GRID;"CODE EAN 13";"CODE UPC";"IDENTIFIANT PRODUIT DECLARANT";"TYPE SERVICE";"TYPE PRODUIT";"TITRE PRODUIT";"TITRE OEUVRE";"NOM COMPOSITEUR";"NOM AUTEUR";"NOM EDITEUR";"NOM INTERPRETE";LABEL;"DUREE OEUVRE";"DATE DEBUT PERIODE";"DATE FIN PERIODE";"TERRITOIRE VENTE";QUANTITE;"NOM DE L'OFFRE COMMERCIALE";"TYPE MODELE COMMERCIAL";"TYPE CANAL DISTRIBUTION";"TYPE UTILISATION";"PRIX UNITAIRE HT";DEVISE

TESTONLINE;TOL;;;;;MUSI;SINGLE;"Ma vision des choses";"Aie aie aie";Abde;;;;;3:25;01/06/2018;30/06/2018;FR;3;;FREE;INTERNET;ON_DEM_STRE;0;EURO
TESTONLINE;TOL;;;;;MUSI;SINGLE;"Ma vision des choses";"Releve la tete";Abde;;;;;4:19;01/06/2018;30/06/2018;FR;4;;FREE;INTERNET;ON_DEM_STRE;0;EURO
TESTONLINE;TOL;;;;;MUSI;SINGLE;"From bedroom to gigs";Olympia;"Alex Rec";;;;;4:06;01/06/2018;30/06/2018;FR;4;;FREE;INTERNET;ON_DEM_STRE;0;EURO
TESTONLINE;TOL;;;;;MUSI;SINGLE;"EP 2008";"No regrets";"Alice the Goon";;;;;3:18;01/06/2018;30/06/2018;FR;4;;FREE;INTERNET;ON_DEM_STRE;0;EURO
TESTONLINE;TOL;;;;;MUSI;SINGLE;"Instants fragiles";"Mon nez dans ton cou";"Annie W";;;;;3:05;01/06/2018;30/06/2018;FR;8;;FREE;INTERNET;ON_DEM_STRE;0;EURO
TESTONLINE;TOL;;;;;MUSI;SINGLE;"Instants fragiles";"Tellement de clés";"Annie W";;;;;3:59;01/06/2018;30/06/2018;FR;12;;FREE;INTERNET;ON_DEM_STRE;0;EURO
TESTONLINE;TOL;;;;;MUSI;SINGLE;"My World";"My world";Anton;;;;;3:47;01/06/2018;30/06/2018;FR;4;;FREE;INTERNET;ON_DEM_STRE;0;EURO
TESTONLINE;TOL;;;;;MUSI;SINGLE;"Clouds Rider";Intro;Anton;;;;;1:26;01/06/2018;30/06/2018;FR;4;;FREE;INTERNET;ON_DEM_STRE;0;EURO
TESTONLINE;TOL;;;;;MUSI;SINGLE;"My World";"7 billion";Anton;;;;;4:22;01/06/2018;30/06/2018;FR;4;;FREE;INTERNET;ON_DEM_STRE;0;EURO
TESTONLINE;TOL;;;;;MUSI;SINGLE;"Clouds Rider";"Clouds rider";Anton;;;;;3:42;01/06/2018;30/06/2018;FR;4;;FREE;INTERNET;ON_DEM_STRE;0;EURO
TESTONLINE;TOL;;;;;MUSI;SINGLE;"My World";"Everything is gonna be alright";Anton;;;;;3:42;01/06/2018;30/06/2018;FR;4;;FREE;INTERNET;ON_DEM_STRE;0;EURO
TESTONLINE;TOL;;;;;MUSI;SINGLE;"Clouds Rider";"It's been a long time";Anton;;;;;3:35;01/06/2018;30/06/2018;FR;4;;FREE;INTERNET;ON_DEM_STRE;0;EURO
TESTONLINE;TOL;;;;;MUSI;SINGLE;"My World";"Dark days";Anton;;;;;3:26;01/06/2018;30/06/2018;FR;4;;FREE;INTERNET;ON_DEM_STRE;0;EURO
TESTONLINE;TOL;;;;;MUSI;SINGLE;"Clouds Rider";"Ruff times";Anton;;;;;1:46;01/06/2018;30/06/2018;FR;8;;FREE;INTERNET;ON_DEM_STRE;0;EURO
TESTONLINE;TOL;;;;;MUSI;SINGLE;"My World";Confrontation;Anton;;;;;3:19;01/06/2018;30/06/2018;FR;4;;FREE;INTERNET;ON_DEM_STRE;0;EURO
TESTONLINE;TOL;;;;;MUSI;SINGLE;"Clouds Rider";"Move your body";Anton;;;;;3:57;01/06/2018;30/06/2018;FR;4;;FREE;INTERNET;ON_DEM_STRE;0;EURO
TESTONLINE;TOL;;;;;MUSI;SINGLE;"My World";"What I am";Anton;;;;;3:00;01/06/2018;30/06/2018;FR;4;;FREE;INTERNET;ON_DEM_STRE;0;EURO
TESTONLINE;TOL;;;;;MUSI;SINGLE;"Clouds Rider";"One of those days";Anton;;;;;3:40;01/06/2018;30/06/2018;FR;4;;FREE;INTERNET;ON_DEM_STRE;0;EURO
TESTONLINE;TOL;;;;;MUSI;SINGLE;"My World";"This Girl";Anton;;;;;3:38;01/06/2018;30/06/2018;FR;4;;FREE;INTERNET;ON_DEM_STRE;0;EURO
TESTONLINE;TOL;;;;;MUSI;SINGLE;"Clouds Rider";"Stammering mode";Anton;;;;;1:43;01/06/2018;30/06/2018;FR;7;;FREE;INTERNET;ON_DEM_STRE;0;EURO
TESTONLINE;TOL;;;;;MUSI;SINGLE;"Clouds Rider";"Old vibes";Anton;;;;;3:37;01/06/2018;30/06/2018;FR;4;;FREE;INTERNET;ON_DEM_STRE;0;EURO
TESTONLINE;TOL;;;;;MUSI;SINGLE;"Clouds Rider";"Spread the good word";Anton;;;;;4:02;01/06/2018;30/06/2018;FR;4;;FREE;INTERNET;ON_DEM_STRE;0;EURO
TESTONLINE;TOL;;;;;MUSI;SINGLE;"Clouds Rider";"It's been a long time (live session)";Anton;;;;;4:21;01/06/2018;30/06/2018;FR;4;;FREE;INTERNET;ON_DEM_STRE;0;EURO
TESTONLINE;TOL;;;;;MUSI;SINGLE;"Boulevard de l'instant";Enferme-moi;Astonia;;;;;5:12;01/06/2018;30/06/2018;FR;4;;FREE;INTERNET;ON_DEM_STRE;0;EURO
TESTONLINE;TOL;;;;;MUSI;SINGLE;"L'arbre a oeuf";Nino;Badab8m;;;;;4:17;01/06/2018;30/06/2018;FR;4;;FREE;INTERNET;ON_DEM_STRE;0;EURO
TESTONLINE;TOL;;;;;MUSI;SINGLE;Démo;Sanza;BALA;;;;;4:20;01/06/2018;30/06/2018;FR;8;;FREE;INTERNET;ON_DEM_STRE;0;EURO
TESTONLINE;TOL;;;;;MUSI;SINGLE;J'aime;"Sous le soleil";"Bouddha Sticks";;;;;4:16;01/06/2018;30/06/2018;FR;4;;FREE;INTERNET;ON_DEM_STRE;0;EURO
TESTONLINE;TOL;;;;;MUSI;SINGLE;"Changer d'air";"Changer d'air";Bug;;;;;4:17;01/06/2018;30/06/2018;FR;4;;FREE;INTERNET;ON_DEM_STRE;0;EURO
TESTONLINE;TOL;;;;;MUSI;SINGLE;"Changer d'air";Loud;Bug;;;;;4:37;01/06/2018;30/06/2018;FR;4;;FREE;INTERNET;ON_DEM_STRE;0;EURO
TESTONLINE;TOL;;;;;MUSI;SINGLE;Bug;Tentations;Bug;;;;;5:00;01/06/2018;30/06/2018;FR;4;;FREE;INTERNET;ON_DEM_STRE;0;EURO
TESTONLINE;TOL;;;;;MUSI;SINGLE;"The lights fade";"Swimming pool";"Bye Bye Léone";;;;;3:28;01/06/2018;30/06/2018;FR;3;;FREE;INTERNET;ON_DEM_STRE;0;EURO
TESTONLINE;TOL;;;;;MUSI;SINGLE;"Whispering Voices";"Whispering Voices";"Call of the mountain";;;;;8:35;01/06/2018;30/06/2018;FR;21;;FREE;INTERNET;ON_DEM_STRE;0;EURO
TESTONLINE;TOL;;;;;MUSI;SINGLE;Basta;"1000 plaisirs";"Chiche Capon";;;;;3:34;01/06/2018;30/06/2018;FR;4;;FREE;INTERNET;ON_DEM_STRE;0;EURO
TESTONLINE;TOL;;;;;MUSI;SINGLE;"Ecstatic Sole EP";Sauvage;Christine;;;;;4:09;01/06/2018;30/06/2018;FR;4;;FREE;INTERNET;ON_DEM_STRE;0;EURO
TESTONLINE;TOL;;;;;MUSI;SINGLE;"Ecstatic Sole EP";"Ecstatic Sole";Christine;;;;;5:10;01/06/2018;30/06/2018;FR;4;;FREE;INTERNET;ON_DEM_STRE;0;EURO
TESTONLINE;TOL;;;;;MUSI;SINGLE;"Ecstatic Sole EP";"Glass Mirror";Christine;;;;;4:10;01/06/2018;30/06/2018;FR;4;;FREE;INTERNET;ON_DEM_STRE;0;EURO
TESTONLINE;TOL;;;;;MUSI;SINGLE;"En conserve";"Ordures a cuire";"Claire et ses radis";;;;;2:50;01/06/2018;30/06/2018;FR;1;;FREE;INTERNET;ON_DEM_STRE;0;EURO
TESTONLINE;TOL;;;;;MUSI;SINGLE;"Qui croirait un poisson?";"Une femme et la poussiere";"Claire Jau";;;;;2:59;01/06/2018;30/06/2018;FR;4;;FREE;INTERNET;ON_DEM_STRE;0;EURO
TESTONLINE;TOL;;;;;MUSI;SINGLE;"Ma boîte à musique";"Les boîtes";"Claire Jau";;;;;2:48;01/06/2018;30/06/2018;FR;9;;FREE;INTERNET;ON_DEM_STRE;0;EURO
TESTONLINE;TOL;;;;;MUSI;SINGLE;"Qui croirait un poisson?";"Sous le masque";"Claire Jau";;;;;3:09;01/06/2018;30/06/2018;FR;4;;FREE;INTERNET;ON_DEM_STRE;0;EURO
TESTONLINE;TOL;;;;;MUSI;SINGLE;"Ma boîte à musique";Banal;"Claire Jau";;;;;3:27;01/06/2018;30/06/2018;FR;6;;FREE;INTERNET;ON_DEM_STRE;0;EURO
TESTONLINE;TOL;;;;;MUSI;SINGLE;"Qui croirait un poisson?";"Meurtre a larme blanche";"Claire Jau";;;;;4:05;01/06/2018;30/06/2018;FR;4;;FREE;INTERNET;ON_DEM_STRE;0;EURO
TESTONLINE;TOL;;;;;MUSI;SINGLE;"Ma boîte à musique";"Supère héros";"Claire Jau";;;;;3:04;01/06/2018;30/06/2018;FR;8;;FREE;INTERNET;ON_DEM_STRE;0;EURO
TESTONLINE;TOL;;;;;MUSI;SINGLE;"Qui croirait un poisson?";"Ordures a cuire";"Claire Jau";;;;;2:46;01/06/2018;30/06/2018;FR;4;;FREE;INTERNET;ON_DEM_STRE;0;EURO
TESTONLINE;TOL;;;;;MUSI;SINGLE;"Ma boîte à musique";"Dis vin";"Claire Jau";;;;;2:59;01/06/2018;30/06/2018;FR;11;;FREE;INTERNET;ON_DEM_STRE;0;EURO
TESTONLINE;TOL;;;;;MUSI;SINGLE;"Qui croirait un poisson?";"Le Divan";"Claire Jau";;;;;3:27;01/06/2018;30/06/2018;FR;4;;FREE;INTERNET;ON_DEM_STRE;0;EURO
TESTONLINE;TOL;;;;;MUSI;SINGLE;"Ma boîte à musique";Chevalier;"Claire Jau";;;;;3:09;01/06/2018;30/06/2018;FR;6;;FREE;INTERNET;ON_DEM_STRE;0;EURO
TESTONLINE;TOL;;;;;MUSI;SINGLE;"Qui croirait un poisson?";"Sur un banc";"Claire Jau";;;;;3:59;01/06/2018;30/06/2018;FR;4;;FREE;INTERNET;ON_DEM_STRE;0;EURO
TESTONLINE;TOL;;;;;MUSI;SINGLE;"Ma boîte à musique";"La religieuse";"Claire Jau";;;;;3:44;01/06/2018;30/06/2018;FR;6;;FREE;INTERNET;ON_DEM_STRE;0;EURO
TESTONLINE;TOL;;;;;MUSI;SINGLE;"Qui croirait un poisson?";"Ne t'inquietes pas";"Claire Jau";;;;;3:00;01/06/2018;30/06/2018;FR;4;;FREE;INTERNET;ON_DEM_STRE;0;EURO
TESTONLINE;TOL;;;;;MUSI;SINGLE;"Ma boîte à musique";"Et allez";"Claire Jau";;;;;2:54;01/06/2018;30/06/2018;FR;2;;FREE;INTERNET;ON_DEM_STRE;0;EURO
TESTONLINE;TOL;;;;;MUSI;SINGLE;"Qui croirait un poisson?";"Elle jauni a l'idee";"Claire Jau";;;;;3:49;01/06/2018;30/06/2018;FR;4;;FREE;INTERNET;ON_DEM_STRE;0;EURO
TESTONLINE;TOL;;;;;MUSI;SINGLE;"Ma boîte à musique";"Je suis tombée dans un trou de mémoire";"Claire Jau";;;;;3:25;01/06/2018;30/06/2018;FR;6;;FREE;INTERNET;ON_DEM_STRE;0;EURO
TESTONLINE;TOL;;;;;MUSI;SINGLE;"Qui croirait un poisson?";"Qui croirait un poisson";"Claire Jau";;;;;3:52;01/06/2018;30/06/2018;FR;4;;FREE;INTERNET;ON_DEM_STRE;0;EURO
TESTONLINE;TOL;;;;;MUSI;SINGLE;"Ma boîte à musique";"Le même jour que Johnny";"Claire Jau";;;;;3:22;01/06/2018;30/06/2018;FR;3;;FREE;INTERNET;ON_DEM_STRE;0;EURO
TESTONLINE;TOL;;;;;MUSI;SINGLE;"Qui croirait un poisson?";"Rien de special";"Claire Jau";;;;;3:20;01/06/2018;30/06/2018;FR;4;;FREE;INTERNET;ON_DEM_STRE;0;EURO
TESTONLINE;TOL;;;;;MUSI;SINGLE;"Qui croirait un poisson?";"Basse Cour (avec Gildas Thomas)";"Claire Jau";;;;;3:51;01/06/2018;30/06/2018;FR;4;;FREE;INTERNET;ON_DEM_STRE;0;EURO
TESTONLINE;TOL;;;;;MUSI;SINGLE;"Qui croirait un poisson?";Etre;"Claire Jau";;;;;2:52;01/06/2018;30/06/2018;FR;4;;FREE;INTERNET;ON_DEM_STRE;0;EURO
TESTONLINE;TOL;;;;;MUSI;SINGLE;"Qui croirait un poisson?";"Toi et moi sous un parapluie";"Claire Jau";;;;;3:35;01/06/2018;30/06/2018;FR;4;;FREE;INTERNET;ON_DEM_STRE;0;EURO
TESTONLINE;TOL;;;;;MUSI;SINGLE;"I Love LH #8";"Dans ma bulle [Oumar]";"Compilation I Love LH";;;;;4:16;01/06/2018;30/06/2018;FR;4;;FREE;INTERNET;ON_DEM_STRE;0;EURO
TESTONLINE;TOL;;;;;MUSI;SINGLE;"Dure réalité";Dancecore;Cubicat;;;;;3:33;01/06/2018;30/06/2018;FR;4;;FREE;INTERNET;ON_DEM_STRE;0;EURO
TESTONLINE;TOL;;;;;MUSI;SINGLE;"Decried Silence EP";"The wind";"Decried Silence";;;;;4:51;01/06/2018;30/06/2018;FR;4;;FREE;INTERNET;ON_DEM_STRE;0;EURO
TESTONLINE;TOL;;;;;MUSI;SINGLE;"Decried Silence EP";Lonely;"Decried Silence";;;;;4:13;01/06/2018;30/06/2018;FR;4;;FREE;INTERNET;ON_DEM_STRE;0;EURO
TESTONLINE;TOL;;;;;MUSI;SINGLE;Welcome;"Groove spot";"Dizzy Yug";;;;;3:06;01/06/2018;30/06/2018;FR;4;;FREE;INTERNET;ON_DEM_STRE;0;EURO
TESTONLINE;TOL;;;;;MUSI;SINGLE;"4 of a kind";"Dreadful times";Dogs;;;;;2:53;01/06/2018;30/06/2018;FR;4;;FREE;INTERNET;ON_DEM_STRE;0;EURO
TESTONLINE;TOL;;;;;MUSI;SINGLE;"A Different Kind (CD1)";"The story of the dogs";Dogs;;;;;5:06;01/06/2018;30/06/2018;FR;4;;FREE;INTERNET;ON_DEM_STRE;0;EURO
TESTONLINE;TOL;;;;;MUSI;SINGLE;"Legendary lovers";"I got somebody";Dogs;;;;;3:13;01/06/2018;30/06/2018;FR;3;;FREE;INTERNET;ON_DEM_STRE;0;EURO
TESTONLINE;TOL;;;;;MUSI;SINGLE;"Embrasse Moi";Pain;"Embrasse Moi";;;;;2:39;01/06/2018;30/06/2018;FR;4;;FREE;INTERNET;ON_DEM_STRE;0;EURO
TESTONLINE;TOL;;;;;MUSI;SINGLE;"Moments volés";Lisa;"Emilie Yojenka";;;;;2:59;01/06/2018;30/06/2018;FR;4;;FREE;INTERNET;ON_DEM_STRE;0;EURO
TESTONLINE;TOL;;;;;MUSI;SINGLE;"Du haut du mur";Largue-moi;"Emilie Yojenka";;;;;2:44;01/06/2018;30/06/2018;FR;4;;FREE;INTERNET;ON_DEM_STRE;0;EURO
TESTONLINE;TOL;;;;;MUSI;SINGLE;"Moments volés";"Transport scolaire";"Emilie Yojenka";;;;;3:52;01/06/2018;30/06/2018;FR;4;;FREE;INTERNET;ON_DEM_STRE;0;EURO
TESTONLINE;TOL;;;;;MUSI;SINGLE;"Du haut du mur";"Fantaisie sur Lola";"Emilie Yojenka";;;;;2:10;01/06/2018;30/06/2018;FR;4;;FREE;INTERNET;ON_DEM_STRE;0;EURO
TESTONLINE;TOL;;;;;MUSI;SINGLE;"Moments volés";"Montagnes russes";"Emilie Yojenka";;;;;2:57;01/06/2018;30/06/2018;FR;4;;FREE;INTERNET;ON_DEM_STRE;0;EURO
TESTONLINE;TOL;;;;;MUSI;SINGLE;"Du haut du mur";Hélium;"Emilie Yojenka";;;;;1:31;01/06/2018;30/06/2018;FR;4;;FREE;INTERNET;ON_DEM_STRE;0;EURO
TESTONLINE;TOL;;;;;MUSI;SINGLE;"Moments volés";"Casseurs de rêve";"Emilie Yojenka";;;;;3:08;01/06/2018;30/06/2018;FR;4;;FREE;INTERNET;ON_DEM_STRE;0;EURO
TESTONLINE;TOL;;;;;MUSI;SINGLE;"Du haut du mur";Elodie;"Emilie Yojenka";;;;;4:39;01/06/2018;30/06/2018;FR;4;;FREE;INTERNET;ON_DEM_STRE;0;EURO
TESTONLINE;TOL;;;;;MUSI;SINGLE;"Moments volés";Stéphane;"Emilie Yojenka";;;;;3:36;01/06/2018;30/06/2018;FR;4;;FREE;INTERNET;ON_DEM_STRE;0;EURO
TESTONLINE;TOL;;;;;MUSI;SINGLE;"Du haut du mur";"La citrouille";"Emilie Yojenka";;;;;2:46;01/06/2018;30/06/2018;FR;4;;FREE;INTERNET;ON_DEM_STRE;0;EURO
TESTONLINE;TOL;;;;;MUSI;SINGLE;"Moments volés";Marie;"Emilie Yojenka";;;;;3:27;01/06/2018;30/06/2018;FR;4;;FREE;INTERNET;ON_DEM_STRE;0;EURO
TESTONLINE;TOL;;;;;MUSI;SINGLE;"Du haut du mur";Errance;"Emilie Yojenka";;;;;2:46;01/06/2018;30/06/2018;FR;4;;FREE;INTERNET;ON_DEM_STRE;0;EURO
TESTONLINE;TOL;;;;;MUSI;SINGLE;"Moments volés";"Mes amants";"Emilie Yojenka";;;;;3:16;01/06/2018;30/06/2018;FR;4;;FREE;INTERNET;ON_DEM_STRE;0;EURO
TESTONLINE;TOL;;;;;MUSI;SINGLE;"Du haut du mur";Pascaline;"Emilie Yojenka";;;;;2:38;01/06/2018;30/06/2018;FR;4;;FREE;INTERNET;ON_DEM_STRE;0;EURO
TESTONLINE;TOL;;;;;MUSI;SINGLE;"Moments volés";Tabou;"Emilie Yojenka";;;;;3:33;01/06/2018;30/06/2018;FR;4;;FREE;INTERNET;ON_DEM_STRE;0;EURO
TESTONLINE;TOL;;;;;MUSI;SINGLE;"Du haut du mur";"Ce que tu sèmes";"Emilie Yojenka";;;;;2:01;01/06/2018;30/06/2018;FR;4;;FREE;INTERNET;ON_DEM_STRE;0;EURO
TESTONLINE;TOL;;;;;MUSI;SINGLE;"Moments volés";"Chanson amorale";"Emilie Yojenka";;;;;2:11;01/06/2018;30/06/2018;FR;4;;FREE;INTERNET;ON_DEM_STRE;0;EURO
TESTONLINE;TOL;;;;;MUSI;SINGLE;"Du haut du mur";L'habanera;"Emilie Yojenka";;;;;3:22;01/06/2018;30/06/2018;FR;4;;FREE;INTERNET;ON_DEM_STRE;0;EURO
TESTONLINE;TOL;;;;;MUSI;SINGLE;"Moments volés";"Le 11ème commandement";"Emilie Yojenka";;;;;3:37;01/06/2018;30/06/2018;FR;4;;FREE;INTERNET;ON_DEM_STRE;0;EURO
TESTONLINE;TOL;;;;;MUSI;SINGLE;"Du haut du mur";"Le mur";"Emilie Yojenka";;;;;2:47;01/06/2018;30/06/2018;FR;4;;FREE;INTERNET;ON_DEM_STRE;0;EURO
TESTONLINE;TOL;;;;;MUSI;SINGLE;"Moments volés";"On aime ça";"Emilie Yojenka";;;;;2:56;01/06/2018;30/06/2018;FR;4;;FREE;INTERNET;ON_DEM_STRE;0;EURO
TESTONLINE;TOL;;;;;MUSI;SINGLE;"Du haut du mur";Bulle;"Emilie Yojenka";;;;;3:46;01/06/2018;30/06/2018;FR;4;;FREE;INTERNET;ON_DEM_STRE;0;EURO
TESTONLINE;TOL;;;;;MUSI;SINGLE;"Moments volés";"Pour ces moments volés";"Emilie Yojenka";;;;;1:11;01/06/2018;30/06/2018;FR;4;;FREE;INTERNET;ON_DEM_STRE;0;EURO
TESTONLINE;TOL;;;;;MUSI;SINGLE;"Du haut du mur";"La chanson des imitations";"Emilie Yojenka";;;;;2:09;01/06/2018;30/06/2018;FR;4;;FREE;INTERNET;ON_DEM_STRE;0;EURO
TESTONLINE;TOL;;;;;MUSI;SINGLE;"Du haut du mur";"Tu vois, c'est ça";"Emilie Yojenka";;;;;2:37;01/06/2018;30/06/2018;FR;4;;FREE;INTERNET;ON_DEM_STRE;0;EURO
TESTONLINE;TOL;;;;;MUSI;SINGLE;"Du haut du mur";"On fait c'qu'on peut";"Emilie Yojenka";;;;;2:52;01/06/2018;30/06/2018;FR;4;;FREE;INTERNET;ON_DEM_STRE;0;EURO
TESTONLINE;TOL;;;;;MUSI;SINGLE;"One Second to Midnight";Mountaintops;"Empty Space";;;;;4:45;01/06/2018;30/06/2018;FR;2;;FREE;INTERNET;ON_DEM_STRE;0;EURO
TESTONLINE;TOL;;;;;MUSI;SINGLE;"Main Street";"On the road";"Follow Birds";;;;;3:28;01/06/2018;30/06/2018;FR;4;;FREE;INTERNET;ON_DEM_STRE;0;EURO
TESTONLINE;TOL;;;;;MUSI;SINGLE;Oulipop;"Partis d'une case";Frandol;;;;;2:45;01/06/2018;30/06/2018;FR;4;;FREE;INTERNET;ON_DEM_STRE;0;EURO
TESTONLINE;TOL;;;;;MUSI;SINGLE;Oulipop;"Décomposition en rémineur";Frandol;;;;;4:29;01/06/2018;30/06/2018;FR;4;;FREE;INTERNET;ON_DEM_STRE;0;EURO
TESTONLINE;TOL;;;;;MUSI;SINGLE;Oulipop;"Sans sens";Frandol;;;;;0:58;01/06/2018;30/06/2018;FR;4;;FREE;INTERNET;ON_DEM_STRE;0;EURO
TESTONLINE;TOL;;;;;MUSI;SINGLE;"The Eternal Waltz";"The eternal waltz";"Gene Clarksville";;;;;4:35;01/06/2018;30/06/2018;FR;12;;FREE;INTERNET;ON_DEM_STRE;0;EURO
TESTONLINE;TOL;;;;;MUSI;SINGLE;"The Eternal Waltz";"My friend";"Gene Clarksville";;;;;4:08;01/06/2018;30/06/2018;FR;16;;FREE;INTERNET;ON_DEM_STRE;0;EURO
TESTONLINE;TOL;;;;;MUSI;SINGLE;"The Eternal Waltz";"The musician";"Gene Clarksville";;;;;2:26;01/06/2018;30/06/2018;FR;12;;FREE;INTERNET;ON_DEM_STRE;0;EURO
TESTONLINE;TOL;;;;;MUSI;SINGLE;"The Eternal Waltz";"Pub crawler blues";"Gene Clarksville";;;;;3:13;01/06/2018;30/06/2018;FR;12;;FREE;INTERNET;ON_DEM_STRE;0;EURO
TESTONLINE;TOL;;;;;MUSI;SINGLE;"The Eternal Waltz";"Letters from your name";"Gene Clarksville";;;;;3:06;01/06/2018;30/06/2018;FR;12;;FREE;INTERNET;ON_DEM_STRE;0;EURO
TESTONLINE;TOL;;;;;MUSI;SINGLE;"The Eternal Waltz";"Is your love in vain?";"Gene Clarksville";;;;;5:24;01/06/2018;30/06/2018;FR;20;;FREE;INTERNET;ON_DEM_STRE;0;EURO
TESTONLINE;TOL;;;;;MUSI;SINGLE;"The Eternal Waltz";"Colour Blind";"Gene Clarksville";;;;;2:14;01/06/2018;30/06/2018;FR;12;;FREE;INTERNET;ON_DEM_STRE;0;EURO
TESTONLINE;TOL;;;;;MUSI;SINGLE;"The Eternal Waltz";"Speed contest";"Gene Clarksville";;;;;0:57;01/06/2018;30/06/2018;FR;8;;FREE;INTERNET;ON_DEM_STRE;0;EURO
TESTONLINE;TOL;;;;;MUSI;SINGLE;"The Eternal Waltz";"Homeless song";"Gene Clarksville";;;;;3:54;01/06/2018;30/06/2018;FR;12;;FREE;INTERNET;ON_DEM_STRE;0;EURO
TESTONLINE;TOL;;;;;MUSI;SINGLE;"The Eternal Waltz";"A day in the life of a fool";"Gene Clarksville";;;;;3:53;01/06/2018;30/06/2018;FR;8;;FREE;INTERNET;ON_DEM_STRE;0;EURO
TESTONLINE;TOL;;;;;MUSI;SINGLE;"The Eternal Waltz";"Hey, pretty babe!";"Gene Clarksville";;;;;3:29;01/06/2018;30/06/2018;FR;8;;FREE;INTERNET;ON_DEM_STRE;0;EURO
TESTONLINE;TOL;;;;;MUSI;SINGLE;"La mort";Cancer;"Grand Final";;;;;6:41;01/06/2018;30/06/2018;FR;4;;FREE;INTERNET;ON_DEM_STRE;0;EURO
TESTONLINE;TOL;;;;;MUSI;SINGLE;"Soleil Levant";"Soleil levant";Guitario;;;;;3:56;01/06/2018;30/06/2018;FR;4;;FREE;INTERNET;ON_DEM_STRE;0;EURO
TESTONLINE;TOL;;;;;MUSI;SINGLE;"Prenez place dans mon bain";"En haut de la falaise";"Gul de Boa";;;;;2:49;01/06/2018;30/06/2018;FR;8;;FREE;INTERNET;ON_DEM_STRE;0;EURO
TESTONLINE;TOL;;;;;MUSI;SINGLE;"Prenez place dans mon bain";"La petite marchande de glaces";"Gul de Boa";;;;;3:30;01/06/2018;30/06/2018;FR;4;;FREE;INTERNET;ON_DEM_STRE;0;EURO
TESTONLINE;TOL;;;;;MUSI;SINGLE;"Prenez place dans mon bain";"Le salut dans la fuite";"Gul de Boa";;;;;3:33;01/06/2018;30/06/2018;FR;4;;FREE;INTERNET;ON_DEM_STRE;0;EURO
TESTONLINE;TOL;;;;;MUSI;SINGLE;"Prenez place dans mon bain";"La sieste";"Gul de Boa";;;;;4:44;01/06/2018;30/06/2018;FR;8;;FREE;INTERNET;ON_DEM_STRE;0;EURO
TESTONLINE;TOL;;;;;MUSI;SINGLE;"Prenez place dans mon bain";"Prenez place dans mon bain";"Gul de Boa";;;;;5:55;01/06/2018;30/06/2018;FR;4;;FREE;INTERNET;ON_DEM_STRE;0;EURO
TESTONLINE;TOL;;;;;MUSI;SINGLE;"Prenez place dans mon bain";"Madame la sous préfète";"Gul de Boa";;;;;2:10;01/06/2018;30/06/2018;FR;4;;FREE;INTERNET;ON_DEM_STRE;0;EURO
TESTONLINE;TOL;;;;;MUSI;SINGLE;"Prenez place dans mon bain";Rosa;"Gul de Boa";;;;;3:54;01/06/2018;30/06/2018;FR;4;;FREE;INTERNET;ON_DEM_STRE;0;EURO
TESTONLINE;TOL;;;;;MUSI;SINGLE;"Prenez place dans mon bain";"La difference";"Gul de Boa";;;;;4:41;01/06/2018;30/06/2018;FR;4;;FREE;INTERNET;ON_DEM_STRE;0;EURO
TESTONLINE;TOL;;;;;MUSI;SINGLE;"Prenez place dans mon bain";"Rien ne bouge";"Gul de Boa";;;;;4:22;01/06/2018;30/06/2018;FR;4;;FREE;INTERNET;ON_DEM_STRE;0;EURO
TESTONLINE;TOL;;;;;MUSI;SINGLE;"Prenez place dans mon bain";"La saison des seins";"Gul de Boa";;;;;3:52;01/06/2018;30/06/2018;FR;4;;FREE;INTERNET;ON_DEM_STRE;0;EURO
TESTONLINE;TOL;;;;;MUSI;SINGLE;"Prenez place dans mon bain";"Les gars de la rythmique";"Gul de Boa";;;;;1:35;01/06/2018;30/06/2018;FR;4;;FREE;INTERNET;ON_DEM_STRE;0;EURO
TESTONLINE;TOL;;;;;MUSI;SINGLE;"Prenez place dans mon bain";"La fiancee du bourreau";"Gul de Boa";;;;;5:41;01/06/2018;30/06/2018;FR;4;;FREE;INTERNET;ON_DEM_STRE;0;EURO
TESTONLINE;TOL;;;;;MUSI;SINGLE;"Les choeurs de l'armée du vin rouge";"Les choeurs de l'armée du vin rouge";"Hasta Siempre";;;;;4:04;01/06/2018;30/06/2018;FR;3;;FREE;INTERNET;ON_DEM_STRE;0;EURO
TESTONLINE;TOL;;;;;MUSI;SINGLE;"Les choeurs de l'armée du vin rouge";Saperlipopette;"Hasta Siempre";;;;;4:30;01/06/2018;30/06/2018;FR;4;;FREE;INTERNET;ON_DEM_STRE;0;EURO
TESTONLINE;TOL;;;;;MUSI;SINGLE;Sunrise;Sunrise;"Hømetøwn Herøes";;;;;4:25;01/06/2018;30/06/2018;FR;4;;FREE;INTERNET;ON_DEM_STRE;0;EURO
TESTONLINE;TOL;;;;;MUSI;SINGLE;"Disco Boom / Bar Maritime Bar";"Disco Boum";"Ils étaient 4";;;;;2:56;01/06/2018;30/06/2018;FR;4;;FREE;INTERNET;ON_DEM_STRE;0;EURO
TESTONLINE;TOL;;;;;MUSI;SINGLE;Haunted;"Feel the sun";"Imperator XIII";;;;;5:30;01/06/2018;30/06/2018;FR;3;;FREE;INTERNET;ON_DEM_STRE;0;EURO
TESTONLINE;TOL;;;;;MUSI;SINGLE;"Volume 2";Piste19;"Inner Space";;;;;2:26;01/06/2018;30/06/2018;FR;4;;FREE;INTERNET;ON_DEM_STRE;0;EURO
TESTONLINE;TOL;;;;;MUSI;SINGLE;"Hyde and Seek";"Crazy things";"Jahen Oarsman";;;;;4:48;01/06/2018;30/06/2018;FR;4;;FREE;INTERNET;ON_DEM_STRE;0;EURO
TESTONLINE;TOL;;;;;MUSI;SINGLE;"One life";"On the road";"Kaddy and the Keys";;;;;3:14;01/06/2018;30/06/2018;FR;4;;FREE;INTERNET;ON_DEM_STRE;0;EURO
TESTONLINE;TOL;;;;;MUSI;SINGLE;Mbemba;"Lu Wa";"Kevin M\'Finka";;;;;3:25;01/06/2018;30/06/2018;FR;4;;FREE;INTERNET;ON_DEM_STRE;0;EURO
TESTONLINE;TOL;;;;;MUSI;SINGLE;Mbemba;"Ma Banza";"Kevin M\'Finka";;;;;4:16;01/06/2018;30/06/2018;FR;4;;FREE;INTERNET;ON_DEM_STRE;0;EURO
TESTONLINE;TOL;;;;;MUSI;SINGLE;Mbemba;"Na Ku Mbonga";"Kevin M\'Finka";;;;;4:17;01/06/2018;30/06/2018;FR;4;;FREE;INTERNET;ON_DEM_STRE;0;EURO
TESTONLINE;TOL;;;;;MUSI;SINGLE;"Somebody's fool";"Fire & Sun";Klim;;;;;3:15;01/06/2018;30/06/2018;FR;4;;FREE;INTERNET;ON_DEM_STRE;0;EURO
TESTONLINE;TOL;;;;;MUSI;SINGLE;"Youth & Freedom";"Tell me";"Kold Fever";;;;;4:21;01/06/2018;30/06/2018;FR;4;;FREE;INTERNET;ON_DEM_STRE;0;EURO
TESTONLINE;TOL;;;;;MUSI;SINGLE;"Youth & Freedom";"Youth & freedom";"Kold Fever";;;;;3:38;01/06/2018;30/06/2018;FR;4;;FREE;INTERNET;ON_DEM_STRE;0;EURO
TESTONLINE;TOL;;;;;MUSI;SINGLE;Malentendu;"J'aimais les silences";"Les hommes tranquilles";;;;;3:37;01/06/2018;30/06/2018;FR;3;;FREE;INTERNET;ON_DEM_STRE;0;EURO
TESTONLINE;TOL;;;;;MUSI;SINGLE;Malentendu;"Si loin si proche";"Les hommes tranquilles";;;;;3:47;01/06/2018;30/06/2018;FR;1;;FREE;INTERNET;ON_DEM_STRE;0;EURO
TESTONLINE;TOL;;;;;MUSI;SINGLE;"Les emmerdes";L'autoroute;"Les Mégots";;;;;3:22;01/06/2018;30/06/2018;FR;4;;FREE;INTERNET;ON_DEM_STRE;0;EURO
TESTONLINE;TOL;;;;;MUSI;SINGLE;"Peculiar Tales of a Moderne Age";"On the road";Lingzhi;;;;;4:49;01/06/2018;30/06/2018;FR;3;;FREE;INTERNET;ON_DEM_STRE;0;EURO
TESTONLINE;TOL;;;;;MUSI;SINGLE;Lycanthrope;"Joe samba le cheminot";Lycanthrope;;;;;6:32;01/06/2018;30/06/2018;FR;3;;FREE;INTERNET;ON_DEM_STRE;0;EURO
TESTONLINE;TOL;;;;;MUSI;SINGLE;Lycanthrope;"Ubuhuhua  Le Lycaon";Lycanthrope;;;;;4:13;01/06/2018;30/06/2018;FR;4;;FREE;INTERNET;ON_DEM_STRE;0;EURO
TESTONLINE;TOL;;;;;MUSI;SINGLE;Lycanthrope;"Le tunnel (Intro)";Lycanthrope;;;;;3:03;01/06/2018;30/06/2018;FR;4;;FREE;INTERNET;ON_DEM_STRE;0;EURO
TESTONLINE;TOL;;;;;MUSI;SINGLE;Lycanthrope;"Le tunnel";Lycanthrope;;;;;9:11;01/06/2018;30/06/2018;FR;3;;FREE;INTERNET;ON_DEM_STRE;0;EURO
TESTONLINE;TOL;;;;;MUSI;SINGLE;"Nouveau futur";Changer;Madatome;;;;;4:29;01/06/2018;30/06/2018;FR;3;;FREE;INTERNET;ON_DEM_STRE;0;EURO
TESTONLINE;TOL;;;;;MUSI;SINGLE;Haliotropisme;"Fécamp les atolls";"Maison Bougainville";;;;;4:26;01/06/2018;30/06/2018;FR;4;;FREE;INTERNET;ON_DEM_STRE;0;EURO
TESTONLINE;TOL;;;;;MUSI;SINGLE;Haliotropisme;31,7°C;"Maison Bougainville";;;;;2:38;01/06/2018;30/06/2018;FR;3;;FREE;INTERNET;ON_DEM_STRE;0;EURO
TESTONLINE;TOL;;;;;MUSI;SINGLE;"D'ici et d'ailleurs";"Histoire de ...";Maki;;;;;2:52;01/06/2018;30/06/2018;FR;4;;FREE;INTERNET;ON_DEM_STRE;0;EURO
TESTONLINE;TOL;;;;;MUSI;SINGLE;"Above the sun";"Above the sun";Mezzanine;;;;;3:10;01/06/2018;30/06/2018;FR;3;;FREE;INTERNET;ON_DEM_STRE;0;EURO
TESTONLINE;TOL;;;;;MUSI;SINGLE;"Sacree deferlante!";"La bouteille à la mer";"Millions de Sabords";;;;;4:49;01/06/2018;30/06/2018;FR;9;;FREE;INTERNET;ON_DEM_STRE;0;EURO
TESTONLINE;TOL;;;;;MUSI;SINGLE;"Out of the cities";"Out of the cities";"Minh May";;;;;4:27;01/06/2018;30/06/2018;FR;4;;FREE;INTERNET;ON_DEM_STRE;0;EURO
TESTONLINE;TOL;;;;;MUSI;SINGLE;"Out of the cities";"All I know";"Minh May";;;;;4:03;01/06/2018;30/06/2018;FR;4;;FREE;INTERNET;ON_DEM_STRE;0;EURO
TESTONLINE;TOL;;;;;MUSI;SINGLE;"Out of the cities";"A time to";"Minh May";;;;;3:20;01/06/2018;30/06/2018;FR;4;;FREE;INTERNET;ON_DEM_STRE;0;EURO
TESTONLINE;TOL;;;;;MUSI;SINGLE;"Miss Kaliocha";L'hiver;"Miss Kaliocha";;;;;4:26;01/06/2018;30/06/2018;FR;4;;FREE;INTERNET;ON_DEM_STRE;0;EURO
TESTONLINE;TOL;;;;;MUSI;SINGLE;Distillé;L'indifférence;Moonshiners;;;;;2:51;01/06/2018;30/06/2018;FR;4;;FREE;INTERNET;ON_DEM_STRE;0;EURO
TESTONLINE;TOL;;;;;MUSI;SINGLE;Moonshiners;"Protesta (Live)";Moonshiners;;;;;3:05;01/06/2018;30/06/2018;FR;4;;FREE;INTERNET;ON_DEM_STRE;0;EURO
TESTONLINE;TOL;;;;;MUSI;SINGLE;Distillé;"La crème aux oeufs";Moonshiners;;;;;2:47;01/06/2018;30/06/2018;FR;4;;FREE;INTERNET;ON_DEM_STRE;0;EURO
TESTONLINE;TOL;;;;;MUSI;SINGLE;"de Betty à  Mollitiam";"Betty Trip Hop";Nel'son;;;;;4:10;01/06/2018;30/06/2018;FR;1;;FREE;INTERNET;ON_DEM_STRE;0;EURO
TESTONLINE;TOL;;;;;MUSI;SINGLE;"Nothing 1997";Intro;Nothing;;;;;0:42;01/06/2018;30/06/2018;FR;8;;FREE;INTERNET;ON_DEM_STRE;0;EURO
TESTONLINE;TOL;;;;;MUSI;SINGLE;"Nothing 1997";Z'obsession;Nothing;;;;;4:03;01/06/2018;30/06/2018;FR;7;;FREE;INTERNET;ON_DEM_STRE;0;EURO
TESTONLINE;TOL;;;;;MUSI;SINGLE;"Nothing 1997";Bizarre;Nothing;;;;;3:28;01/06/2018;30/06/2018;FR;4;;FREE;INTERNET;ON_DEM_STRE;0;EURO
TESTONLINE;TOL;;;;;MUSI;SINGLE;"Nothing 1997";"La norme";Nothing;;;;;4:03;01/06/2018;30/06/2018;FR;3;;FREE;INTERNET;ON_DEM_STRE;0;EURO
TESTONLINE;TOL;;;;;MUSI;SINGLE;"Nothing 1997";"Tout recommencer";Nothing;;;;;4:01;01/06/2018;30/06/2018;FR;3;;FREE;INTERNET;ON_DEM_STRE;0;EURO
TESTONLINE;TOL;;;;;MUSI;SINGLE;"Acte I";"Acte I";Octo;;;;;3:12;01/06/2018;30/06/2018;FR;4;;FREE;INTERNET;ON_DEM_STRE;0;EURO
TESTONLINE;TOL;;;;;MUSI;SINGLE;"Acte I";"Triste récit";Octo;;;;;2:42;01/06/2018;30/06/2018;FR;4;;FREE;INTERNET;ON_DEM_STRE;0;EURO
TESTONLINE;TOL;;;;;MUSI;SINGLE;"Acte I";"Fallait que je l'écrive";Octo;;;;;3:30;01/06/2018;30/06/2018;FR;4;;FREE;INTERNET;ON_DEM_STRE;0;EURO
TESTONLINE;TOL;;;;;MUSI;SINGLE;"Acte I";"Le temps d'une cigarette";Octo;;;;;3:44;01/06/2018;30/06/2018;FR;4;;FREE;INTERNET;ON_DEM_STRE;0;EURO
TESTONLINE;TOL;;;;;MUSI;SINGLE;"Orange Yeti EP";Wasted;"Orange Yeti";;;;;5:27;01/06/2018;30/06/2018;FR;11;;FREE;INTERNET;ON_DEM_STRE;0;EURO
TESTONLINE;TOL;;;;;MUSI;SINGLE;"Orange Yeti EP";"Ton silence";"Orange Yeti";;;;;4:48;01/06/2018;30/06/2018;FR;7;;FREE;INTERNET;ON_DEM_STRE;0;EURO
TESTONLINE;TOL;;;;;MUSI;SINGLE;"Orange Yeti EP";"My friend";"Orange Yeti";;;;;3:52;01/06/2018;30/06/2018;FR;7;;FREE;INTERNET;ON_DEM_STRE;0;EURO
TESTONLINE;TOL;;;;;MUSI;SINGLE;"Orange Yeti EP";"Tourne la page";"Orange Yeti";;;;;3:59;01/06/2018;30/06/2018;FR;7;;FREE;INTERNET;ON_DEM_STRE;0;EURO
TESTONLINE;TOL;;;;;MUSI;SINGLE;"Orange Yeti EP";"Elle s'efface";"Orange Yeti";;;;;5:25;01/06/2018;30/06/2018;FR;6;;FREE;INTERNET;ON_DEM_STRE;0;EURO
TESTONLINE;TOL;;;;;MUSI;SINGLE;"Poney Clup";"LVN Night";"Palaniuk Opéra";;;;;6:54;01/06/2018;30/06/2018;FR;4;;FREE;INTERNET;ON_DEM_STRE;0;EURO
TESTONLINE;TOL;;;;;MUSI;SINGLE;"Poney Clup";Mars;"Palaniuk Opéra";;;;;5:45;01/06/2018;30/06/2018;FR;4;;FREE;INTERNET;ON_DEM_STRE;0;EURO
TESTONLINE;TOL;;;;;MUSI;SINGLE;"Le jour de la Lune";"Valse du Lundi";"Papaq Compagnie";;;;;1:59;01/06/2018;30/06/2018;FR;4;;FREE;INTERNET;ON_DEM_STRE;0;EURO
TESTONLINE;TOL;;;;;MUSI;SINGLE;"Le jour de la Lune";"Chanson des poubelles";"Papaq Compagnie";;;;;2:44;01/06/2018;30/06/2018;FR;4;;FREE;INTERNET;ON_DEM_STRE;0;EURO
TESTONLINE;TOL;;;;;MUSI;SINGLE;"Le jour de la Lune";"Valse du Mardi";"Papaq Compagnie";;;;;0:31;01/06/2018;30/06/2018;FR;4;;FREE;INTERNET;ON_DEM_STRE;0;EURO
TESTONLINE;TOL;;;;;MUSI;SINGLE;"Le jour de la Lune";"Leçon de natation";"Papaq Compagnie";;;;;1:57;01/06/2018;30/06/2018;FR;4;;FREE;INTERNET;ON_DEM_STRE;0;EURO
TESTONLINE;TOL;;;;;MUSI;SINGLE;"Le jour de la Lune";"Valse du Mercredi";"Papaq Compagnie";;;;;0:55;01/06/2018;30/06/2018;FR;4;;FREE;INTERNET;ON_DEM_STRE;0;EURO
TESTONLINE;TOL;;;;;MUSI;SINGLE;"Le jour de la Lune";"Le Ptérodactyle";"Papaq Compagnie";;;;;2:56;01/06/2018;30/06/2018;FR;4;;FREE;INTERNET;ON_DEM_STRE;0;EURO
TESTONLINE;TOL;;;;;MUSI;SINGLE;"Le jour de la Lune";"Valse du Jeudi";"Papaq Compagnie";;;;;0:24;01/06/2018;30/06/2018;FR;4;;FREE;INTERNET;ON_DEM_STRE;0;EURO
TESTONLINE;TOL;;;;;MUSI;SINGLE;"Le jour de la Lune";"Va à la chasse";"Papaq Compagnie";;;;;3:01;01/06/2018;30/06/2018;FR;4;;FREE;INTERNET;ON_DEM_STRE;0;EURO
TESTONLINE;TOL;;;;;MUSI;SINGLE;"Le jour de la Lune";"Valse du Vendredi";"Papaq Compagnie";;;;;0:30;01/06/2018;30/06/2018;FR;4;;FREE;INTERNET;ON_DEM_STRE;0;EURO
TESTONLINE;TOL;;;;;MUSI;SINGLE;"Le jour de la Lune";"Jardin secret";"Papaq Compagnie";;;;;2:51;01/06/2018;30/06/2018;FR;4;;FREE;INTERNET;ON_DEM_STRE;0;EURO
TESTONLINE;TOL;;;;;MUSI;SINGLE;"Le jour de la Lune";"Valse du Samedi";"Papaq Compagnie";;;;;0:43;01/06/2018;30/06/2018;FR;4;;FREE;INTERNET;ON_DEM_STRE;0;EURO
TESTONLINE;TOL;;;;;MUSI;SINGLE;"Le jour de la Lune";"Dis la petite souris...";"Papaq Compagnie";;;;;5:30;01/06/2018;30/06/2018;FR;4;;FREE;INTERNET;ON_DEM_STRE;0;EURO
TESTONLINE;TOL;;;;;MUSI;SINGLE;"Le jour de la Lune";"Valse du Dimanche";"Papaq Compagnie";;;;;1:09;01/06/2018;30/06/2018;FR;4;;FREE;INTERNET;ON_DEM_STRE;0;EURO
TESTONLINE;TOL;;;;;MUSI;SINGLE;"Le jour de la Lune";Manchedi;"Papaq Compagnie";;;;;4:34;01/06/2018;30/06/2018;FR;4;;FREE;INTERNET;ON_DEM_STRE;0;EURO
TESTONLINE;TOL;;;;;MUSI;SINGLE;"Le jour de la Lune";"Valse des Jours";"Papaq Compagnie";;;;;0:44;01/06/2018;30/06/2018;FR;4;;FREE;INTERNET;ON_DEM_STRE;0;EURO
TESTONLINE;TOL;;;;;MUSI;SINGLE;"Aux amours nées...";"Les soirs d'été";"Paulette, Marthe et Léon";;;;;2:33;01/06/2018;30/06/2018;FR;4;;FREE;INTERNET;ON_DEM_STRE;0;EURO
TESTONLINE;TOL;;;;;MUSI;SINGLE;"La journée d'Emile et Mélodie";"La sorcière du HLM (instrumental)";"Philippe Tailleux";;;;;3:09;01/06/2018;30/06/2018;FR;4;;FREE;INTERNET;ON_DEM_STRE;0;EURO
TESTONLINE;TOL;;;;;MUSI;SINGLE;"La journée d'Emile et Mélodie";"Nounours blues (instrumental)";"Philippe Tailleux";;;;;2:45;01/06/2018;30/06/2018;FR;4;;FREE;INTERNET;ON_DEM_STRE;0;EURO
TESTONLINE;TOL;;;;;MUSI;SINGLE;"La journée d'Emile et Mélodie";"Vol de nuit (instrumental)";"Philippe Tailleux";;;;;3:52;01/06/2018;30/06/2018;FR;4;;FREE;INTERNET;ON_DEM_STRE;0;EURO
TESTONLINE;TOL;;;;;MUSI;SINGLE;"Plaisirs EP";"Hidden Sun";Plaisirs;;;;;4:30;01/06/2018;30/06/2018;FR;3;;FREE;INTERNET;ON_DEM_STRE;0;EURO
TESTONLINE;TOL;;;;;MUSI;SINGLE;EP1;"I pry";Platanes;;;;;4:50;01/06/2018;30/06/2018;FR;5;;FREE;INTERNET;ON_DEM_STRE;0;EURO
TESTONLINE;TOL;;;;;MUSI;SINGLE;EP1;"Our own lies";Platanes;;;;;5:08;01/06/2018;30/06/2018;FR;6;;FREE;INTERNET;ON_DEM_STRE;0;EURO
TESTONLINE;TOL;;;;;MUSI;SINGLE;EP1;"A scam";Platanes;;;;;4:12;01/06/2018;30/06/2018;FR;3;;FREE;INTERNET;ON_DEM_STRE;0;EURO
TESTONLINE;TOL;;;;;MUSI;SINGLE;EP1;"The valley of tears";Platanes;;;;;4:52;01/06/2018;30/06/2018;FR;2;;FREE;INTERNET;ON_DEM_STRE;0;EURO
TESTONLINE;TOL;;;;;MUSI;SINGLE;EP1;Platanes;Platanes;;;;;4:52;01/06/2018;30/06/2018;FR;2;;FREE;INTERNET;ON_DEM_STRE;0;EURO
TESTONLINE;TOL;;;;;MUSI;SINGLE;"Polaroids Rock 2008";"Cassandre (Last Highway)";"Polaroids Rock";;;;;5:19;01/06/2018;30/06/2018;FR;4;;FREE;INTERNET;ON_DEM_STRE;0;EURO
TESTONLINE;TOL;;;;;MUSI;SINGLE;"Polaroïd Rock #13";"Je ne suis pas un truand [Succub's]";"Polaroids Rock";;;;;3:16;01/06/2018;30/06/2018;FR;4;;FREE;INTERNET;ON_DEM_STRE;0;EURO
TESTONLINE;TOL;;;;;MUSI;SINGLE;"Polaroids Rock 2008";"Wolf and lamb (Polaroids Rock)";"Polaroids Rock";;;;;4:26;01/06/2018;30/06/2018;FR;3;;FREE;INTERNET;ON_DEM_STRE;0;EURO
TESTONLINE;TOL;;;;;MUSI;SINGLE;"Ce n'était qu'un premier rendez-vous";"Toc 1";"Qu'en pense Gertrude ?";;;;;1:02;01/06/2018;30/06/2018;FR;4;;FREE;INTERNET;ON_DEM_STRE;0;EURO
TESTONLINE;TOL;;;;;MUSI;SINGLE;Radiosofa;"Tant de soleil";Radiosofa;;;;;3:35;01/06/2018;30/06/2018;FR;4;;FREE;INTERNET;ON_DEM_STRE;0;EURO
TESTONLINE;TOL;;;;;MUSI;SINGLE;"Sales Figures";"L.A. Party";Roadrunners;;;;;4:55;01/06/2018;30/06/2018;FR;8;;FREE;INTERNET;ON_DEM_STRE;0;EURO
TESTONLINE;TOL;;;;;MUSI;SINGLE;"Instant Trouble";"I'm watchin'you";Roadrunners;;;;;3:46;01/06/2018;30/06/2018;FR;4;;FREE;INTERNET;ON_DEM_STRE;0;EURO
TESTONLINE;TOL;;;;;MUSI;SINGLE;"Sales Figures";"Couteau Naif";Roadrunners;;;;;2:33;01/06/2018;30/06/2018;FR;8;;FREE;INTERNET;ON_DEM_STRE;0;EURO
TESTONLINE;TOL;;;;;MUSI;SINGLE;"Instant Trouble";"Saturation point";Roadrunners;;;;;2:10;01/06/2018;30/06/2018;FR;8;;FREE;INTERNET;ON_DEM_STRE;0;EURO
TESTONLINE;TOL;;;;;MUSI;SINGLE;"Sales Figures";"French Kiss";Roadrunners;;;;;4:26;01/06/2018;30/06/2018;FR;4;;FREE;INTERNET;ON_DEM_STRE;0;EURO
TESTONLINE;TOL;;;;;MUSI;SINGLE;"Sales Figures";"Haunted Forever";Roadrunners;;;;;3:34;01/06/2018;30/06/2018;FR;8;;FREE;INTERNET;ON_DEM_STRE;0;EURO
TESTONLINE;TOL;;;;;MUSI;SINGLE;"Sales Figures";"Macadam River";Roadrunners;;;;;3:52;01/06/2018;30/06/2018;FR;4;;FREE;INTERNET;ON_DEM_STRE;0;EURO
TESTONLINE;TOL;;;;;MUSI;SINGLE;"Instant Trouble";"Hey bulldog";Roadrunners;;;;;2:36;01/06/2018;30/06/2018;FR;4;;FREE;INTERNET;ON_DEM_STRE;0;EURO
TESTONLINE;TOL;;;;;MUSI;SINGLE;"Sales Figures";Chatterton;Roadrunners;;;;;3:18;01/06/2018;30/06/2018;FR;4;;FREE;INTERNET;ON_DEM_STRE;0;EURO
TESTONLINE;TOL;;;;;MUSI;SINGLE;"Sales Figures";"Danseurs de l'ombre";Roadrunners;;;;;3:09;01/06/2018;30/06/2018;FR;4;;FREE;INTERNET;ON_DEM_STRE;0;EURO
TESTONLINE;TOL;;;;;MUSI;SINGLE;"Sales Figures";"Summertime Frog";Roadrunners;;;;;2:51;01/06/2018;30/06/2018;FR;4;;FREE;INTERNET;ON_DEM_STRE;0;EURO
TESTONLINE;TOL;;;;;MUSI;SINGLE;"Sales Figures";Firefly;Roadrunners;;;;;3:09;01/06/2018;30/06/2018;FR;4;;FREE;INTERNET;ON_DEM_STRE;0;EURO
TESTONLINE;TOL;;;;;MUSI;SINGLE;"Sales Figures";Surfin'Carmen;Roadrunners;;;;;3:00;01/06/2018;30/06/2018;FR;4;;FREE;INTERNET;ON_DEM_STRE;0;EURO
TESTONLINE;TOL;;;;;MUSI;SINGLE;"Sales Figures";Satellites;Roadrunners;;;;;3:28;01/06/2018;30/06/2018;FR;4;;FREE;INTERNET;ON_DEM_STRE;0;EURO
TESTONLINE;TOL;;;;;MUSI;SINGLE;"Sales Figures";"Muley Graves";Roadrunners;;;;;3:33;01/06/2018;30/06/2018;FR;4;;FREE;INTERNET;ON_DEM_STRE;0;EURO
TESTONLINE;TOL;;;;;MUSI;SINGLE;"Sales Figures";"Doctor Doxey";Roadrunners;;;;;3:55;01/06/2018;30/06/2018;FR;4;;FREE;INTERNET;ON_DEM_STRE;0;EURO
TESTONLINE;TOL;;;;;MUSI;SINGLE;"Vauriens en terres occultes";"Zeugma chronique";"Romain Camille";;;;;5:17;01/06/2018;30/06/2018;FR;4;;FREE;INTERNET;ON_DEM_STRE;0;EURO
TESTONLINE;TOL;;;;;MUSI;SINGLE;"Vauriens en terres occultes";"Tohu berceuse";"Romain Camille";;;;;4:19;01/06/2018;30/06/2018;FR;4;;FREE;INTERNET;ON_DEM_STRE;0;EURO
TESTONLINE;TOL;;;;;MUSI;SINGLE;Original;Chimères;Sinamary;;;;;5:25;01/06/2018;30/06/2018;FR;4;;FREE;INTERNET;ON_DEM_STRE;0;EURO
TESTONLINE;TOL;;;;;MUSI;SINGLE;Original;"Le colonel";Sinamary;;;;;4:09;01/06/2018;30/06/2018;FR;4;;FREE;INTERNET;ON_DEM_STRE;0;EURO
TESTONLINE;TOL;;;;;MUSI;SINGLE;Puzzle;"Swimming suit";"Tahiti 80";;;;;2:32;01/06/2018;30/06/2018;FR;3;;FREE;INTERNET;ON_DEM_STRE;0;EURO
TESTONLINE;TOL;;;;;MUSI;SINGLE;"The Past, The Present & The possible";"The Past, The Present & The Possible";"Tahiti 80";;;;;5:12;01/06/2018;30/06/2018;FR;3;;FREE;INTERNET;ON_DEM_STRE;0;EURO
TESTONLINE;TOL;;;;;MUSI;SINGLE;Implosion;Sun;Tallisker;;;;;4:15;01/06/2018;30/06/2018;FR;7;;FREE;INTERNET;ON_DEM_STRE;0;EURO
TESTONLINE;TOL;;;;;MUSI;SINGLE;Chaud;J'Ride;Tasco;;;;;4:40;01/06/2018;30/06/2018;FR;4;;FREE;INTERNET;ON_DEM_STRE;0;EURO
TESTONLINE;TOL;;;;;MUSI;SINGLE;"Get out of my wife";"Do the lap dance";"The Flyin' Cadillacs";;;;;2:41;01/06/2018;30/06/2018;FR;4;;FREE;INTERNET;ON_DEM_STRE;0;EURO
TESTONLINE;TOL;;;;;MUSI;SINGLE;"Deadly Sins";"Get into the car";"The Goggs";;;;;4:25;01/06/2018;30/06/2018;FR;3;;FREE;INTERNET;ON_DEM_STRE;0;EURO
TESTONLINE;TOL;;;;;MUSI;SINGLE;Howlin';Howlin';"The Goggs";;;;;3:28;01/06/2018;30/06/2018;FR;4;;FREE;INTERNET;ON_DEM_STRE;0;EURO
TESTONLINE;TOL;;;;;MUSI;SINGLE;"Deadly Sins";Pretend;"The Goggs";;;;;3:04;01/06/2018;30/06/2018;FR;2;;FREE;INTERNET;ON_DEM_STRE;0;EURO
TESTONLINE;TOL;;;;;MUSI;SINGLE;"Deadly Sins";"Wasted it all";"The Goggs";;;;;4:47;01/06/2018;30/06/2018;FR;3;;FREE;INTERNET;ON_DEM_STRE;0;EURO
TESTONLINE;TOL;;;;;MUSI;SINGLE;"Deadly Sins";Interlude;"The Goggs";;;;;2:15;01/06/2018;30/06/2018;FR;3;;FREE;INTERNET;ON_DEM_STRE;0;EURO
TESTONLINE;TOL;;;;;MUSI;SINGLE;"Deadly Sins";"Take a minute";"The Goggs";;;;;2:59;01/06/2018;30/06/2018;FR;3;;FREE;INTERNET;ON_DEM_STRE;0;EURO
TESTONLINE;TOL;;;;;MUSI;SINGLE;"Deadly Sins";Devil;"The Goggs";;;;;2:54;01/06/2018;30/06/2018;FR;3;;FREE;INTERNET;ON_DEM_STRE;0;EURO
TESTONLINE;TOL;;;;;MUSI;SINGLE;"Deadly Sins";Alive;"The Goggs";;;;;4:52;01/06/2018;30/06/2018;FR;2;;FREE;INTERNET;ON_DEM_STRE;0;EURO
TESTONLINE;TOL;;;;;MUSI;SINGLE;"Deadly Sins";OPOT;"The Goggs";;;;;2:42;01/06/2018;30/06/2018;FR;2;;FREE;INTERNET;ON_DEM_STRE;0;EURO
TESTONLINE;TOL;;;;;MUSI;SINGLE;"Mockers Airline";"Vomit soup";"The Mockers";;;;;3:12;01/06/2018;30/06/2018;FR;4;;FREE;INTERNET;ON_DEM_STRE;0;EURO
TESTONLINE;TOL;;;;;MUSI;SINGLE;"First EP";1+0;Tokyo/Overtones;;;;;6:08;01/06/2018;30/06/2018;FR;3;;FREE;INTERNET;ON_DEM_STRE;0;EURO
TESTONLINE;TOL;;;;;MUSI;SINGLE;"First EP";"Gardens For A.";Tokyo/Overtones;;;;;3:22;01/06/2018;30/06/2018;FR;4;;FREE;INTERNET;ON_DEM_STRE;0;EURO
TESTONLINE;TOL;;;;;MUSI;SINGLE;"First EP";Blue/Glue/Floe;Tokyo/Overtones;;;;;11:48;01/06/2018;30/06/2018;FR;3;;FREE;INTERNET;ON_DEM_STRE;0;EURO
TESTONLINE;TOL;;;;;MUSI;SINGLE;Tokyo/Overtones;"A bungalow on pluto";Tokyo/Overtones;;;;;4:24;01/06/2018;30/06/2018;FR;3;;FREE;INTERNET;ON_DEM_STRE;0;EURO
TESTONLINE;TOL;;;;;MUSI;SINGLE;"The polar e.p.";O-kee-pa;Tokyo/Overtones;;;;;3:15;01/06/2018;30/06/2018;FR;3;;FREE;INTERNET;ON_DEM_STRE;0;EURO
TESTONLINE;TOL;;;;;MUSI;SINGLE;Tokyo/Overtones;"The Ferry Song";Tokyo/Overtones;;;;;2:58;01/06/2018;30/06/2018;FR;4;;FREE;INTERNET;ON_DEM_STRE;0;EURO
TESTONLINE;TOL;;;;;MUSI;SINGLE;"The polar e.p.";"Polar e.t";Tokyo/Overtones;;;;;3:05;01/06/2018;30/06/2018;FR;3;;FREE;INTERNET;ON_DEM_STRE;0;EURO
TESTONLINE;TOL;;;;;MUSI;SINGLE;"The polar e.p.";Out;Tokyo/Overtones;;;;;4:28;01/06/2018;30/06/2018;FR;4;;FREE;INTERNET;ON_DEM_STRE;0;EURO
TESTONLINE;TOL;;;;;MUSI;SINGLE;"The polar e.p.";"The musing lad";Tokyo/Overtones;;;;;2:45;01/06/2018;30/06/2018;FR;4;;FREE;INTERNET;ON_DEM_STRE;0;EURO
TESTONLINE;TOL;;;;;MUSI;SINGLE;"The Underground Karaoke";"Into The Sun";Tokyo/Overtones;;;;;4:26;01/06/2018;30/06/2018;FR;4;;FREE;INTERNET;ON_DEM_STRE;0;EURO
TESTONLINE;TOL;;;;;MUSI;SINGLE;Tokyo/Overtones;Overmars;Tokyo/Overtones;;;;;3:05;01/06/2018;30/06/2018;FR;3;;FREE;INTERNET;ON_DEM_STRE;0;EURO
TESTONLINE;TOL;;;;;MUSI;SINGLE;"The polar e.p.";"Winter ballads between naked trees";Tokyo/Overtones;;;;;5:37;01/06/2018;30/06/2018;FR;4;;FREE;INTERNET;ON_DEM_STRE;0;EURO
TESTONLINE;TOL;;;;;MUSI;SINGLE;Tokyo/Overtones;"Places, unknown";Tokyo/Overtones;;;;;6:13;01/06/2018;30/06/2018;FR;4;;FREE;INTERNET;ON_DEM_STRE;0;EURO
TESTONLINE;TOL;;;;;MUSI;SINGLE;Tokyo/Overtones;"Against you";Tokyo/Overtones;;;;;3:42;01/06/2018;30/06/2018;FR;4;;FREE;INTERNET;ON_DEM_STRE;0;EURO
TESTONLINE;TOL;;;;;MUSI;SINGLE;Tokyo/Overtones;"The guy from stars above";Tokyo/Overtones;;;;;4:02;01/06/2018;30/06/2018;FR;4;;FREE;INTERNET;ON_DEM_STRE;0;EURO
TESTONLINE;TOL;;;;;MUSI;SINGLE;Tokyo/Overtones;"Behind words";Tokyo/Overtones;;;;;4:19;01/06/2018;30/06/2018;FR;4;;FREE;INTERNET;ON_DEM_STRE;0;EURO
TESTONLINE;TOL;;;;;MUSI;SINGLE;Tokyo/Overtones;"Serial dreamer";Tokyo/Overtones;;;;;4:19;01/06/2018;30/06/2018;FR;4;;FREE;INTERNET;ON_DEM_STRE;0;EURO
TESTONLINE;TOL;;;;;MUSI;SINGLE;"Happy Birthday";Menuet;"Tous dehors";;;;;0:50;01/06/2018;30/06/2018;FR;1;;FREE;INTERNET;ON_DEM_STRE;0;EURO
TESTONLINE;TOL;;;;;MUSI;SINGLE;"Tu tousses ?";"Reggae - Hommage a Bruce Lee";"Tous dehors";;;;;9:26;01/06/2018;30/06/2018;FR;3;;FREE;INTERNET;ON_DEM_STRE;0;EURO
TESTONLINE;TOL;;;;;MUSI;SINGLE;"Tu tousses ?";J'etincelle;"Tous dehors";;;;;3:29;01/06/2018;30/06/2018;FR;10;;FREE;INTERNET;ON_DEM_STRE;0;EURO
TESTONLINE;TOL;;;;;MUSI;SINGLE;"Tu tousses ?";Rose;"Tous dehors";;;;;8:01;01/06/2018;30/06/2018;FR;7;;FREE;INTERNET;ON_DEM_STRE;0;EURO
TESTONLINE;TOL;;;;;MUSI;SINGLE;"Traces d'illusions";"Antithèse 1";"Traces d'illusions";;;;;4:47;01/06/2018;30/06/2018;FR;4;;FREE;INTERNET;ON_DEM_STRE;0;EURO
TESTONLINE;TOL;;;;;MUSI;SINGLE;"Dark & rusty";Sunrise;Undobar;;;;;4:15;01/06/2018;30/06/2018;FR;3;;FREE;INTERNET;ON_DEM_STRE;0;EURO
TESTONLINE;TOL;;;;;MUSI;SINGLE;"We are colourful";Poisonous;"Wax upp";;;;;3:06;01/06/2018;30/06/2018;FR;4;;FREE;INTERNET;ON_DEM_STRE;0;EURO
TESTONLINE;TOL;;;;;MUSI;SINGLE;Departures;"Juno Beach";"Yann Dulché";;;;;2:52;01/06/2018;30/06/2018;FR;4;;FREE;INTERNET;ON_DEM_STRE;0;EURO
TESTONLINE;TOL;;;;;MUSI;SINGLE;"Get Lost";"Swee Mary Jane";"Yellow Stone";;;;;2:53;01/06/2018;30/06/2018;FR;4;;FREE;INTERNET;ON_DEM_STRE;0;EURO
TESTONLINE;TOL;;;;;MUSI;SINGLE;"Get Lost";Wheelchair;"Yellow Stone";;;;;3:41;01/06/2018;30/06/2018;FR;4;;FREE;INTERNET;ON_DEM_STRE;0;EURO
